<?xml version="1.0" encoding="UTF-8"?>
<!DOCTYPE properties SYSTEM "http://java.sun.com/dtd/properties.dtd">
<properties>
    <comment>ISO 639-3 Standard</comment>
    <entry key="afr">Afrikaans</entry>
    <entry key="amh">Amharic</entry>
    <entry key="ara">Arabic</entry>
    <entry key="asm">Assamese</entry>
    <entry key="aze">Azerbaijani</entry>
    <entry key="aze_cyrl">Azerbaijani Cyrillic</entry>
    <entry key="ban">Bangla</entry>
    <entry key="bel">Belarusian</entry>
    <entry key="ben">Bengali</entry>
    <entry key="bih">Bihari</entry>
    <entry key="bod">Tibetan</entry>
    <entry key="bos">Bosnian</entry>
    <entry key="bul">Bulgarian</entry>
    <entry key="cat">Catalan</entry>
    <entry key="ceb">Cebuano</entry>
    <entry key="ces">Czech</entry>
    <entry key="chi_sim">Chinese (simplified)</entry>
    <entry key="chi_tra">Chinese (traditional)</entry>
    <entry key="chr">Cherokee</entry>
    <entry key="cop">Coptic</entry>
    <entry key="cym">Welsh</entry>
    <entry key="dan">Danish</entry>
    <entry key="dan_frak">Danish (Fraktur)</entry>
    <entry key="deu">German</entry>
    <entry key="deu_f">Fraktur</entry>
    <entry key="deu_frak">German (Fraktur)</entry>
    <entry key="dzo">Dzongkha</entry>
    <entry key="ell">Greek</entry>
    <entry key="equ">Math/Equation</entry>
    <entry key="eng">English</entry>
    <entry key="enm">Middle English</entry>
    <entry key="epo">Esperanto</entry>
    <entry key="epo_alt">Esperanto alternative</entry>
    <entry key="est">Estonian</entry>
    <entry key="eus">Basque</entry>
    <entry key="fas">Persian</entry>
    <entry key="fin">Finish</entry>
    <entry key="fra">French</entry>
    <entry key="frk">Frankish</entry>
    <entry key="frm">Middle French</entry>
    <entry key="gle">Irish</entry>
    <entry key="grc">Ancient Greek</entry>
    <entry key="glg">Galician</entry>
    <entry key="guj">Gujarati</entry>
    <entry key="hat">Haitian</entry>
    <entry key="heb">Hebrew</entry>
    <entry key="heb_com">Hebrew (community)</entry>
    <entry key="hin">Hindi</entry>
    <entry key="hrv">Croatian</entry>
    <entry key="hun">Hungarian</entry>
    <entry key="iku">Inuktitut</entry>
    <entry key="ind">Indonesian</entry>
    <entry key="isl">Icelandic</entry>
    <entry key="ita">Italian</entry>
    <entry key="ita_old">Old Italian</entry>
    <entry key="jav">Javanese</entry>
    <entry key="jpn">Japanese</entry>
    <entry key="kan">Kannada</entry>
    <entry key="kat">Georgian</entry>
    <entry key="kat_old">Old Georgian</entry>
    <entry key="kaz">Kazakh</entry>
    <entry key="khm">Khmer</entry>
    <entry key="kir">Kirghiz</entry>
    <entry key="kor">Korean</entry>
    <entry key="kur">Kurdish</entry>
    <entry key="lao">Lao</entry>
    <entry key="lat">Latin</entry>
    <entry key="lav">Latvian</entry>
    <entry key="lit">Lithuanian</entry>
    <entry key="mal">Malayalam</entry>
    <entry key="mar">Marathi</entry>
    <entry key="mkd">Macedonian</entry>
    <entry key="mlt">Maltese</entry>
    <entry key="msa">Malay</entry>
    <entry key="mya">Burmese</entry>
    <entry key="nep">Nepali</entry>
    <entry key="nld">Dutch</entry>
    <entry key="nor">Norwegian</entry>
    <entry key="ori">Oriya</entry>
    <entry key="osd">OSD</entry>
    <entry key="pan">Punjabi</entry>
    <entry key="pol">Polish</entry>
    <entry key="por">Portuguese</entry>
    <entry key="pus">Pushto</entry>
    <entry key="ron">Romanian</entry>
    <entry key="rus">Russian</entry>
    <entry key="san">Sanskrit</entry>
    <entry key="sic">Quechua</entry>
    <entry key="sin">Sinhala</entry>
    <entry key="slk">Slovak</entry>
    <entry key="slk_frak">Slovakian Fraktur</entry>
    <entry key="slv">Slovenian</entry>
    <entry key="spa">Spanish</entry>
    <entry key="spa_old">Old Spanish</entry>
    <entry key="sqi">Albanian</entry>
    <entry key="srp">Serbian</entry>
    <entry key="srp_latn">Serbian Latin</entry>
    <entry key="swa">Swahili</entry>
    <entry key="swe">Swedish</entry>
    <entry key="swe_frak">Swedish (Fraktur)</entry>
    <entry key="syr">Syriac</entry>
    <entry key="tam">Tamil</entry>
    <entry key="tel">Telugu</entry>
    <entry key="tgk">Tajik</entry>
    <entry key="tgl">Tagalog</entry>
    <entry key="tha">Thai</entry>
    <entry key="tir">Tigrinya</entry>
    <entry key="tur">Turkish</entry>
    <entry key="uig">Uighur</entry>
    <entry key="ukr">Ukrainian</entry>
    <entry key="urd">Urdu</entry>
    <entry key="uzb">Uzbek</entry>
    <entry key="uzb_cyrl">Uzbek Cyrillic</entry>
    <entry key="vie">Vietnamese</entry>
    <entry key="vie-1">Viet VNI-TCVN3</entry>
    <entry key="yid">Yiddish</entry>
</properties>