<?xml version="1.0" encoding="utf-8" ?>
<!DOCTYPE properties SYSTEM "http://java.sun.com/dtd/properties.dtd">
<properties>
  <comment>OpenOffice Spell Dictionaries</comment>
  <entry key="af_ZA">http://ftp.nluug.nl/office/openoffice/contrib/dictionaries/af_ZA.zip</entry>
  <entry key="ak_GH">http://ftp.nluug.nl/office/openoffice/contrib/dictionaries/ak_GH.zip</entry>
  <entry key="bg_BG">http://ftp.nluug.nl/office/openoffice/contrib/dictionaries/bg_BG.zip</entry>
  <entry key="bn_IN">https://anishpatil.fedorapeople.org/bn_in.1.0.0.tar.gz</entry>
  <entry key="ca_ANY">http://ftp.nluug.nl/office/openoffice/contrib/dictionaries/ca_ANY.zip</entry>
  <entry key="ca_ES">http://ftp.nluug.nl/office/openoffice/contrib/dictionaries/ca_ES.zip</entry>
  <entry key="cop_EG">http://ftp.nluug.nl/office/openoffice/contrib/dictionaries/cop_EG.zip</entry>
  <entry key="cs_CZ">http://ftp.nluug.nl/office/openoffice/contrib/dictionaries/cs_CZ.zip</entry>
  <entry key="cy_GB">http://ftp.nluug.nl/office/openoffice/contrib/dictionaries/cy_GB.zip</entry>
  <entry key="da_DK">http://ftp.nluug.nl/office/openoffice/contrib/dictionaries/da_DK.zip</entry>
  <entry key="de_AT">http://ftp.nluug.nl/office/openoffice/contrib/dictionaries/de_AT.zip</entry>
  <entry key="de_AT_frami">http://ftp.nluug.nl/office/openoffice/contrib/dictionaries/de_AT_frami.zip</entry>
  <entry key="de_CH">http://ftp.nluug.nl/office/openoffice/contrib/dictionaries/de_CH.zip</entry>
  <entry key="de_CH_frami">http://ftp.nluug.nl/office/openoffice/contrib/dictionaries/de_CH_frami.zip</entry>
  <entry key="de_DE">http://ftp.nluug.nl/office/openoffice/contrib/dictionaries/de_DE.zip</entry>
  <entry key="de_DE_comb">http://ftp.nluug.nl/office/openoffice/contrib/dictionaries/de_DE_comb.zip</entry>
  <entry key="de_DE_frami">http://ftp.nluug.nl/office/openoffice/contrib/dictionaries/de_DE_frami.zip</entry>
  <entry key="de_DE_neu">http://ftp.nluug.nl/office/openoffice/contrib/dictionaries/de_DE_neu.zip</entry>
  <entry key="el_GR">http://ftp.nluug.nl/office/openoffice/contrib/dictionaries/el_GR.zip</entry>
  <entry key="en_AU">http://ftp.nluug.nl/office/openoffice/contrib/dictionaries/en_AU.zip</entry>
  <entry key="en_CA">http://ftp.nluug.nl/office/openoffice/contrib/dictionaries/en_CA.zip</entry>
  <entry key="en_GB-oed">http://ftp.nluug.nl/office/openoffice/contrib/dictionaries/en_GB-oed.zip</entry>
  <entry key="en_GB">http://ftp.nluug.nl/office/openoffice/contrib/dictionaries/en_GB.zip</entry>
  <entry key="en_NZ">http://ftp.nluug.nl/office/openoffice/contrib/dictionaries/en_NZ.zip</entry>
  <entry key="en_US">http://ftp.nluug.nl/office/openoffice/contrib/dictionaries/en_US.zip</entry>
  <entry key="en_ZA">http://ftp.nluug.nl/office/openoffice/contrib/dictionaries/en_ZA.zip</entry>
  <entry key="eo">http://ftp.nluug.nl/office/openoffice/contrib/dictionaries/eo.zip</entry>
  <entry key="eo_EO">http://ftp.nluug.nl/office/openoffice/contrib/dictionaries/eo_EO.zip</entry>
  <entry key="es_AR">http://ftp.nluug.nl/office/openoffice/contrib/dictionaries/es_AR.zip</entry>
  <entry key="es_BO">http://ftp.nluug.nl/office/openoffice/contrib/dictionaries/es_BO.zip</entry>
  <entry key="es_CL">http://ftp.nluug.nl/office/openoffice/contrib/dictionaries/es_CL.zip</entry>
  <entry key="es_CO">http://ftp.nluug.nl/office/openoffice/contrib/dictionaries/es_CO.zip</entry>
  <entry key="es_CR">http://ftp.nluug.nl/office/openoffice/contrib/dictionaries/es_CR.zip</entry>
  <entry key="es_CU">http://ftp.nluug.nl/office/openoffice/contrib/dictionaries/es_CU.zip</entry>
  <entry key="es_DO">http://ftp.nluug.nl/office/openoffice/contrib/dictionaries/es_DO.zip</entry>
  <entry key="es_EC">http://ftp.nluug.nl/office/openoffice/contrib/dictionaries/es_EC.zip</entry>
  <entry key="es_ES">http://ftp.nluug.nl/office/openoffice/contrib/dictionaries/es_ES.zip</entry>
  <entry key="es_GT">http://ftp.nluug.nl/office/openoffice/contrib/dictionaries/es_GT.zip</entry>
  <entry key="es_HN">http://ftp.nluug.nl/office/openoffice/contrib/dictionaries/es_HN.zip</entry>
  <entry key="es_MX">http://ftp.nluug.nl/office/openoffice/contrib/dictionaries/es_MX.zip</entry>
  <entry key="es_NEW">http://ftp.nluug.nl/office/openoffice/contrib/dictionaries/es_NEW.zip</entry>
  <entry key="es_NI">http://ftp.nluug.nl/office/openoffice/contrib/dictionaries/es_NI.zip</entry>
  <entry key="es_PA">http://ftp.nluug.nl/office/openoffice/contrib/dictionaries/es_PA.zip</entry>
  <entry key="es_PE">http://ftp.nluug.nl/office/openoffice/contrib/dictionaries/es_PE.zip</entry>
  <entry key="es_PR">http://ftp.nluug.nl/office/openoffice/contrib/dictionaries/es_PR.zip</entry>
  <entry key="es_PY">http://ftp.nluug.nl/office/openoffice/contrib/dictionaries/es_PY.zip</entry>
  <entry key="es_SV">http://ftp.nluug.nl/office/openoffice/contrib/dictionaries/es_SV.zip</entry>
  <entry key="es_UY">http://ftp.nluug.nl/office/openoffice/contrib/dictionaries/es_UY.zip</entry>
  <entry key="es_VE">http://ftp.nluug.nl/office/openoffice/contrib/dictionaries/es_VE.zip</entry>
  <entry key="et_EE">http://ftp.nluug.nl/office/openoffice/contrib/dictionaries/et_EE.zip</entry>
  <entry key="fi_FI">http://ftp.nluug.nl/office/openoffice/contrib/dictionaries/fi_FI.zip</entry>
  <entry key="fo_FO">http://ftp.nluug.nl/office/openoffice/contrib/dictionaries/fo_FO.zip</entry>
  <entry key="fr_FR-1990_1-3-2">http://ftp.nluug.nl/office/openoffice/contrib/dictionaries/fr_FR-1990_1-3-2.zip</entry>
  <entry key="fr_FR-classique_1-3-2">http://ftp.nluug.nl/office/openoffice/contrib/dictionaries/fr_FR-classique_1-3-2.zip</entry>
  <entry key="fr_FR_1-3-2">http://ftp.nluug.nl/office/openoffice/contrib/dictionaries/fr_FR_1-3-2.zip</entry>
  <entry key="fy_NL">http://ftp.nluug.nl/office/openoffice/contrib/dictionaries/fy_NL.zip</entry>
  <entry key="ga_IE">http://ftp.nluug.nl/office/openoffice/contrib/dictionaries/ga_IE.zip</entry>
  <entry key="gd_GB">http://ftp.nluug.nl/office/openoffice/contrib/dictionaries/gd_GB.zip</entry>
  <entry key="gl_ES">http://ftp.nluug.nl/office/openoffice/contrib/dictionaries/gl_ES.zip</entry>
  <entry key="gsc_FR">http://ftp.nluug.nl/office/openoffice/contrib/dictionaries/gsc_FR.zip</entry>
  <entry key="gu_IN">http://ftp.nluug.nl/office/openoffice/contrib/dictionaries/gu_IN.zip</entry>
  <entry key="he_IL">http://ftp.nluug.nl/office/openoffice/contrib/dictionaries/he_IL.zip</entry>
  <entry key="hi_IN">http://ftp.nluug.nl/office/openoffice/contrib/dictionaries/hi_IN.zip</entry>
  <entry key="hil_PH">http://ftp.nluug.nl/office/openoffice/contrib/dictionaries/hil_PH.zip</entry>
  <entry key="hr_HR">http://ftp.nluug.nl/office/openoffice/contrib/dictionaries/hr_HR.zip</entry>
  <entry key="hu_HU">http://ftp.nluug.nl/office/openoffice/contrib/dictionaries/hu_HU.zip</entry>
  <entry key="hu_HU_comb">http://ftp.nluug.nl/office/openoffice/contrib/dictionaries/hu_HU_comb.zip</entry>
  <entry key="ia">http://ftp.nluug.nl/office/openoffice/contrib/dictionaries/ia.zip</entry>
  <entry key="id_ID">http://ftp.nluug.nl/office/openoffice/contrib/dictionaries/id_ID.zip</entry>
  <entry key="is_IS">http://ftp.nluug.nl/office/openoffice/contrib/dictionaries/is_IS.zip</entry>
  <entry key="it_IT">http://ftp.nluug.nl/office/openoffice/contrib/dictionaries/it_IT.zip</entry>
  <entry key="kn_IN">https://anishpatil.fedorapeople.org/kn_in.2.0.0.tar.gz</entry>
  <entry key="ku_TR">http://ftp.nluug.nl/office/openoffice/contrib/dictionaries/ku_TR.zip</entry>
  <entry key="la">http://ftp.nluug.nl/office/openoffice/contrib/dictionaries/la.zip</entry>
  <entry key="lt_LT">http://ftp.nluug.nl/office/openoffice/contrib/dictionaries/lt_LT.zip</entry>
  <entry key="lv_LV">http://ftp.nluug.nl/office/openoffice/contrib/dictionaries/lv_LV.zip</entry>
  <entry key="mg_MG">http://ftp.nluug.nl/office/openoffice/contrib/dictionaries/mg_MG.zip</entry>
  <entry key="mi_NZ">http://ftp.nluug.nl/office/openoffice/contrib/dictionaries/mi_NZ.zip</entry>
  <entry key="mk_MK">http://ftp.nluug.nl/office/openoffice/contrib/dictionaries/mk_MK.zip</entry>
  <entry key="ml_IN">https://anishpatil.fedorapeople.org/ml_in.2.0.0.tar.gz</entry>
  <entry key="mos_BF">http://ftp.nluug.nl/office/openoffice/contrib/dictionaries/mos_BF.zip</entry>
  <entry key="mr_IN">http://ftp.nluug.nl/office/openoffice/contrib/dictionaries/mr_IN.zip</entry>
  <entry key="ms_MY">http://ftp.nluug.nl/office/openoffice/contrib/dictionaries/ms_MY.zip</entry>
  <entry key="nb_NO">http://ftp.nluug.nl/office/openoffice/contrib/dictionaries/nb_NO.zip</entry>
  <entry key="ne_NP">http://ftp.nluug.nl/office/openoffice/contrib/dictionaries/ne_NP.zip</entry>
  <entry key="nl_NL">http://ftp.nluug.nl/office/openoffice/contrib/dictionaries/nl_NL.zip</entry>
  <entry key="nl_med">http://ftp.nluug.nl/office/openoffice/contrib/dictionaries/nl_med.zip</entry>
  <entry key="nn_NO">http://ftp.nluug.nl/office/openoffice/contrib/dictionaries/nn_NO.zip</entry>
  <entry key="nr_ZA">http://ftp.nluug.nl/office/openoffice/contrib/dictionaries/nr_ZA.zip</entry>
  <entry key="ns_ZA">http://ftp.nluug.nl/office/openoffice/contrib/dictionaries/ns_ZA.zip</entry>
  <entry key="ny_MW">http://ftp.nluug.nl/office/openoffice/contrib/dictionaries/ny_MW.zip</entry>
  <entry key="oc_FR">http://ftp.nluug.nl/office/openoffice/contrib/dictionaries/oc_FR.zip</entry>
  <entry key="or_IN">https://anishpatil.fedorapeople.org/or_in.2.0.0.tar.gz</entry>
  <entry key="pa_IN">https://anishpatil.fedorapeople.org/pa_in.1.0.0.tar.gz</entry>
  <entry key="pl_PL">http://ftp.nluug.nl/office/openoffice/contrib/dictionaries/pl_PL.zip</entry>
  <entry key="pt_BR">http://ftp.nluug.nl/office/openoffice/contrib/dictionaries/pt_BR.zip</entry>
  <entry key="pt_PT">http://ftp.nluug.nl/office/openoffice/contrib/dictionaries/pt_PT.zip</entry>
  <entry key="ro_RO">http://ftp.nluug.nl/office/openoffice/contrib/dictionaries/ro_RO.zip</entry>
  <entry key="ru_RU">http://ftp.nluug.nl/office/openoffice/contrib/dictionaries/ru_RU.zip</entry>
  <entry key="ru_RU_ye">http://ftp.nluug.nl/office/openoffice/contrib/dictionaries/ru_RU_ye.zip</entry>
  <entry key="ru_RU_yo">http://ftp.nluug.nl/office/openoffice/contrib/dictionaries/ru_RU_yo.zip</entry>
  <entry key="rw_RW">http://ftp.nluug.nl/office/openoffice/contrib/dictionaries/rw_RW.zip</entry>
  <entry key="sk_SK">http://ftp.nluug.nl/office/openoffice/contrib/dictionaries/sk_SK.zip</entry>
  <entry key="sl_SI">http://ftp.nluug.nl/office/openoffice/contrib/dictionaries/sl_SI.zip</entry>
  <entry key="sq_AL">http://ftp.nluug.nl/office/openoffice/contrib/dictionaries/sq_AL.zip</entry>
  <entry key="ss_ZA">http://ftp.nluug.nl/office/openoffice/contrib/dictionaries/ss_ZA.zip</entry>
  <entry key="st_ZA">http://ftp.nluug.nl/office/openoffice/contrib/dictionaries/st_ZA.zip</entry>
  <entry key="sv_SE">http://ftp.nluug.nl/office/openoffice/contrib/dictionaries/sv_SE.zip</entry>
  <entry key="sw_KE">http://ftp.nluug.nl/office/openoffice/contrib/dictionaries/sw_KE.zip</entry>
  <entry key="ta_IN">https://anishpatil.fedorapeople.org/ta_in.1.0.0.tar.gz</entry>
  <entry key="te_IN">https://anishpatil.fedorapeople.org/te_in.1.0.0.tar.gz</entry>
  <entry key="tet_ID">http://ftp.nluug.nl/office/openoffice/contrib/dictionaries/tet_ID.zip</entry>
  <entry key="th_TH">http://ftp.nluug.nl/office/openoffice/contrib/dictionaries/th_TH.zip</entry>
  <entry key="tl_PH">http://ftp.nluug.nl/office/openoffice/contrib/dictionaries/tl_PH.zip</entry>
  <entry key="tn_ZA">http://ftp.nluug.nl/office/openoffice/contrib/dictionaries/tn_ZA.zip</entry>
  <entry key="ts_ZA">http://ftp.nluug.nl/office/openoffice/contrib/dictionaries/ts_ZA.zip</entry>
  <entry key="uk_UA">http://ftp.nluug.nl/office/openoffice/contrib/dictionaries/uk_UA.zip</entry>
  <entry key="ur_PK">http://ftp.nluug.nl/office/openoffice/contrib/dictionaries/ur_PK.zip</entry>
  <entry key="ve_ZA">http://ftp.nluug.nl/office/openoffice/contrib/dictionaries/ve_ZA.zip</entry>
  <entry key="vi_VN">http://ftp.nluug.nl/office/openoffice/contrib/dictionaries/vi_VN.zip</entry>
  <entry key="xh_ZA">http://ftp.nluug.nl/office/openoffice/contrib/dictionaries/xh_ZA.zip</entry>
  <entry key="zu_ZA">http://ftp.nluug.nl/office/openoffice/contrib/dictionaries/zu_ZA.zip</entry>
</properties>
