<?xml version="1.0" encoding="UTF-8"?>
<!DOCTYPE properties SYSTEM "http://java.sun.com/dtd/properties.dtd">
<properties>
    <comment>Tesseract 3.04 language data packs</comment>
    <entry key="afr">https://github.com/tesseract-ocr/tessdata/raw/3.04.00/afr.traineddata</entry>
    <entry key="amh">https://github.com/tesseract-ocr/tessdata/raw/3.04.00/amh.traineddata</entry>
    <entry key="ara">https://github.com/Shreeshrii/tessdata/raw/master/tesseract-ocr-3.02.ara.tar.gz</entry>
    <entry key="asm">https://github.com/tesseract-ocr/tessdata/raw/3.04.00/asm.traineddata</entry>
    <entry key="aze">https://github.com/tesseract-ocr/tessdata/raw/3.04.00/aze.traineddata</entry>
    <entry key="aze_cyrl">https://github.com/tesseract-ocr/tessdata/raw/3.04.00/aze_cyrl.traineddata</entry>
    <entry key="bel">https://github.com/tesseract-ocr/tessdata/raw/3.04.00/bel.traineddata</entry>
    <entry key="ben">https://github.com/tesseract-ocr/tessdata/raw/3.04.00/ben.traineddata</entry>
    <entry key="bod">https://github.com/tesseract-ocr/tessdata/raw/3.04.00/bod.traineddata</entry>
    <entry key="bos">https://github.com/tesseract-ocr/tessdata/raw/3.04.00/bos.traineddata</entry>
    <entry key="bul">https://github.com/tesseract-ocr/tessdata/raw/3.04.00/bul.traineddata</entry>
    <entry key="cat">https://github.com/tesseract-ocr/tessdata/raw/3.04.00/cat.traineddata</entry>
    <entry key="ceb">https://github.com/tesseract-ocr/tessdata/raw/3.04.00/ceb.traineddata</entry>
    <entry key="ces">https://github.com/tesseract-ocr/tessdata/raw/3.04.00/ces.traineddata</entry>
    <entry key="chi_sim">https://github.com/tesseract-ocr/tessdata/raw/3.04.00/chi_sim.traineddata</entry>
    <entry key="chi_tra">https://github.com/tesseract-ocr/tessdata/raw/3.04.00/chi_tra.traineddata</entry>
    <entry key="chr">https://github.com/tesseract-ocr/tessdata/raw/3.04.00/chr.traineddata</entry>
    <entry key="cym">https://github.com/tesseract-ocr/tessdata/raw/3.04.00/cym.traineddata</entry>
    <entry key="dan">https://github.com/tesseract-ocr/tessdata/raw/3.04.00/dan.traineddata</entry>
    <entry key="dan_frak">https://github.com/tesseract-ocr/tessdata/raw/3.04.00/dan_frak.traineddata</entry>
    <entry key="deu">https://github.com/tesseract-ocr/tessdata/raw/3.04.00/deu.traineddata</entry>
    <entry key="deu_frak">https://github.com/tesseract-ocr/tessdata/raw/3.04.00/deu_frak.traineddata</entry>
    <entry key="dzo">https://github.com/tesseract-ocr/tessdata/raw/3.04.00/dzo.traineddata</entry>
    <entry key="ell">https://github.com/tesseract-ocr/tessdata/raw/3.04.00/ell.traineddata</entry>
    <entry key="eng">https://github.com/tesseract-ocr/tessdata/raw/3.04.00/eng.traineddata</entry>
    <entry key="enm">https://github.com/tesseract-ocr/tessdata/raw/3.04.00/enm.traineddata</entry>
    <entry key="epo">https://github.com/tesseract-ocr/tessdata/raw/3.04.00/epo.traineddata</entry>
    <entry key="equ">https://github.com/tesseract-ocr/tessdata/raw/3.04.00/equ.traineddata</entry>
    <entry key="est">https://github.com/tesseract-ocr/tessdata/raw/3.04.00/est.traineddata</entry>
    <entry key="eus">https://github.com/tesseract-ocr/tessdata/raw/3.04.00/eus.traineddata</entry>
    <entry key="fas">https://github.com/tesseract-ocr/tessdata/raw/3.04.00/fas.traineddata</entry>
    <entry key="fin">https://github.com/tesseract-ocr/tessdata/raw/3.04.00/fin.traineddata</entry>
    <entry key="fra">https://github.com/tesseract-ocr/tessdata/raw/3.04.00/fra.traineddata</entry>
    <entry key="frk">https://github.com/tesseract-ocr/tessdata/raw/3.04.00/frk.traineddata</entry>
    <entry key="frm">https://github.com/tesseract-ocr/tessdata/raw/3.04.00/frm.traineddata</entry>
    <entry key="gle">https://github.com/tesseract-ocr/tessdata/raw/3.04.00/gle.traineddata</entry>
    <entry key="glg">https://github.com/tesseract-ocr/tessdata/raw/3.04.00/glg.traineddata</entry>
    <entry key="grc">https://github.com/tesseract-ocr/tessdata/raw/3.04.00/grc.traineddata</entry>
    <entry key="guj">https://github.com/tesseract-ocr/tessdata/raw/3.04.00/guj.traineddata</entry>
    <entry key="hat">https://github.com/tesseract-ocr/tessdata/raw/3.04.00/hat.traineddata</entry>
    <entry key="heb">https://github.com/tesseract-ocr/tessdata/raw/3.04.00/heb.traineddata</entry>
    <entry key="hin">https://github.com/Shreeshrii/tessdata/raw/master/tesseract-ocr-3.02.hin.tar.gz</entry>
    <entry key="hrv">https://github.com/tesseract-ocr/tessdata/raw/3.04.00/hrv.traineddata</entry>
    <entry key="hun">https://github.com/tesseract-ocr/tessdata/raw/3.04.00/hun.traineddata</entry>
    <entry key="iku">https://github.com/tesseract-ocr/tessdata/raw/3.04.00/iku.traineddata</entry>
    <entry key="ind">https://github.com/tesseract-ocr/tessdata/raw/3.04.00/ind.traineddata</entry>
    <entry key="isl">https://github.com/tesseract-ocr/tessdata/raw/3.04.00/isl.traineddata</entry>
    <entry key="ita">https://github.com/tesseract-ocr/tessdata/raw/3.04.00/ita.traineddata</entry>
    <entry key="ita_old">https://github.com/tesseract-ocr/tessdata/raw/3.04.00/ita_old.traineddata</entry>
    <entry key="jav">https://github.com/tesseract-ocr/tessdata/raw/3.04.00/jav.traineddata</entry>
    <entry key="jpn">https://github.com/tesseract-ocr/tessdata/raw/3.04.00/jpn.traineddata</entry>
    <entry key="kan">https://github.com/tesseract-ocr/tessdata/raw/3.04.00/kan.traineddata</entry>
    <entry key="kat">https://github.com/tesseract-ocr/tessdata/raw/3.04.00/kat.traineddata</entry>
    <entry key="kat_old">https://github.com/tesseract-ocr/tessdata/raw/3.04.00/kat_old.traineddata</entry>
    <entry key="kaz">https://github.com/tesseract-ocr/tessdata/raw/3.04.00/kaz.traineddata</entry>
    <entry key="khm">https://github.com/tesseract-ocr/tessdata/raw/3.04.00/khm.traineddata</entry>
    <entry key="kir">https://github.com/tesseract-ocr/tessdata/raw/3.04.00/kir.traineddata</entry>
    <entry key="kor">https://github.com/tesseract-ocr/tessdata/raw/3.04.00/kor.traineddata</entry>
    <entry key="kur">https://github.com/tesseract-ocr/tessdata/raw/3.04.00/kur.traineddata</entry>
    <entry key="lao">https://github.com/tesseract-ocr/tessdata/raw/3.04.00/lao.traineddata</entry>
    <entry key="lat">https://github.com/tesseract-ocr/tessdata/raw/3.04.00/lat.traineddata</entry>
    <entry key="lav">https://github.com/tesseract-ocr/tessdata/raw/3.04.00/lav.traineddata</entry>
    <entry key="lit">https://github.com/tesseract-ocr/tessdata/raw/3.04.00/lit.traineddata</entry>
    <entry key="mal">https://github.com/tesseract-ocr/tessdata/raw/3.04.00/mal.traineddata</entry>
    <entry key="mar">https://github.com/tesseract-ocr/tessdata/raw/3.04.00/mar.traineddata</entry>
    <entry key="mkd">https://github.com/tesseract-ocr/tessdata/raw/3.04.00/mkd.traineddata</entry>
    <entry key="mlt">https://github.com/tesseract-ocr/tessdata/raw/3.04.00/mlt.traineddata</entry>
    <entry key="msa">https://github.com/tesseract-ocr/tessdata/raw/3.04.00/msa.traineddata</entry>
    <entry key="mya">https://github.com/tesseract-ocr/tessdata/raw/3.04.00/mya.traineddata</entry>
    <entry key="nep">https://github.com/tesseract-ocr/tessdata/raw/3.04.00/nep.traineddata</entry>
    <entry key="nld">https://github.com/tesseract-ocr/tessdata/raw/3.04.00/nld.traineddata</entry>
    <entry key="nor">https://github.com/tesseract-ocr/tessdata/raw/3.04.00/nor.traineddata</entry>
    <entry key="ori">https://github.com/tesseract-ocr/tessdata/raw/3.04.00/ori.traineddata</entry>
    <entry key="osd">https://github.com/tesseract-ocr/tessdata/raw/3.04.00/osd.traineddata</entry>
    <entry key="pan">https://github.com/tesseract-ocr/tessdata/raw/3.04.00/pan.traineddata</entry>
    <entry key="pol">https://github.com/tesseract-ocr/tessdata/raw/3.04.00/pol.traineddata</entry>
    <entry key="por">https://github.com/tesseract-ocr/tessdata/raw/3.04.00/por.traineddata</entry>
    <entry key="pus">https://github.com/tesseract-ocr/tessdata/raw/3.04.00/pus.traineddata</entry>
    <entry key="ron">https://github.com/tesseract-ocr/tessdata/raw/3.04.00/ron.traineddata</entry>
    <entry key="rus">https://github.com/tesseract-ocr/tessdata/raw/3.04.00/rus.traineddata</entry>
    <entry key="san">https://github.com/tesseract-ocr/tessdata/raw/3.04.00/san.traineddata</entry>
    <entry key="sin">https://github.com/tesseract-ocr/tessdata/raw/3.04.00/sin.traineddata</entry>
    <entry key="slk">https://github.com/tesseract-ocr/tessdata/raw/3.04.00/slk.traineddata</entry>
    <entry key="slk_frak">https://github.com/tesseract-ocr/tessdata/raw/3.04.00/slk_frak.traineddata</entry>
    <entry key="slv">https://github.com/tesseract-ocr/tessdata/raw/3.04.00/slv.traineddata</entry>
    <entry key="spa">https://github.com/tesseract-ocr/tessdata/raw/3.04.00/spa.traineddata</entry>
    <entry key="spa_old">https://github.com/tesseract-ocr/tessdata/raw/3.04.00/spa_old.traineddata</entry>
    <entry key="sqi">https://github.com/tesseract-ocr/tessdata/raw/3.04.00/sqi.traineddata</entry>
    <entry key="srp">https://github.com/tesseract-ocr/tessdata/raw/3.04.00/srp.traineddata</entry>
    <entry key="srp_latn">https://github.com/tesseract-ocr/tessdata/raw/3.04.00/srp_latn.traineddata</entry>
    <entry key="swa">https://github.com/tesseract-ocr/tessdata/raw/3.04.00/swa.traineddata</entry>
    <entry key="swe">https://github.com/tesseract-ocr/tessdata/raw/3.04.00/swe.traineddata</entry>
    <entry key="syr">https://github.com/tesseract-ocr/tessdata/raw/3.04.00/syr.traineddata</entry>
    <entry key="tam">https://github.com/tesseract-ocr/tessdata/raw/3.04.00/tam.traineddata</entry>
    <entry key="tel">https://github.com/tesseract-ocr/tessdata/raw/3.04.00/tel.traineddata</entry>
    <entry key="tgk">https://github.com/tesseract-ocr/tessdata/raw/3.04.00/tgk.traineddata</entry>
    <entry key="tgl">https://github.com/tesseract-ocr/tessdata/raw/3.04.00/tgl.traineddata</entry>
    <entry key="tha">https://github.com/tesseract-ocr/tessdata/raw/3.04.00/tha.traineddata</entry>
    <entry key="tir">https://github.com/tesseract-ocr/tessdata/raw/3.04.00/tir.traineddata</entry>
    <entry key="tur">https://github.com/tesseract-ocr/tessdata/raw/3.04.00/tur.traineddata</entry>
    <entry key="uig">https://github.com/tesseract-ocr/tessdata/raw/3.04.00/uig.traineddata</entry>
    <entry key="ukr">https://github.com/tesseract-ocr/tessdata/raw/3.04.00/ukr.traineddata</entry>
    <entry key="urd">https://github.com/tesseract-ocr/tessdata/raw/3.04.00/urd.traineddata</entry>
    <entry key="uzb">https://github.com/tesseract-ocr/tessdata/raw/3.04.00/uzb.traineddata</entry>
    <entry key="uzb_cyrl">https://github.com/tesseract-ocr/tessdata/raw/3.04.00/uzb_cyrl.traineddata</entry>
    <entry key="vie">https://github.com/tesseract-ocr/tessdata/raw/3.04.00/vie.traineddata</entry>
    <entry key="vie-1">http://sourceforge.net/projects/vietocr/files/lang%20data%20for%20tesseract-ocr/vietnamese%20language%20pack/tesseract-ocr-3.02.vie-1.vni-tcvn3.zip</entry>
    <entry key="yid">https://github.com/tesseract-ocr/tessdata/raw/3.04.00/yid.traineddata</entry>
</properties>